name,difficulty,description,category,image_url,id,created_date,updated_date,created_by_id,is_sample
"Busz","nehéz","Mindenki Tudja","Csapat","","6a155ccb21fa70a22d4b56c5","2026-05-26T08:41:47.744000","2026-05-26T08:42:20.255000","6a13fd728a0d72caf4de8c09","false"
"Memória","nehéz","Egy kategóriába el kell kezdeni mondani szavakat és utána ismételni kell az előzőeket, aki elrontja az iszik. A játék választja ki ki kezd.","Csapat","https://media.base44.com/images/public/6a13fd728a0d72caf4de8c08/c08054bde_008-puzzle.png","6a140acfb1d5e5cfe93b16d5","2026-05-25T08:39:43.051000","2026-05-26T08:46:29.774000","anonymous","false"
"Érem dobás","könnyű","Az app kiválaszt egy játékost aki kihivhat valakit hogy játsszon vele. A két játékosnak választani kell a Fej és az Írás között. Ez után a kihívó feldobja az érmét és amelyik oldalára esik az a játékos nyert és a másiknak innia kell.","Páros","https://media.base44.com/images/public/6a13fd728a0d72caf4de8c08/b2b517b2a_005-promise.png","6a140acf62d458a735f21450","2026-05-25T08:39:43.035000","2026-05-26T08:46:17.406000","anonymous","false"
"Tick Tak","közepes","A játék inditásával elindul egy számláló a háttérben, ekkor el kell kezdeni körbeadni egy tárgyat a játékosok között. Mikor az időzitő megszólal annál az embernél akinél épp az adott tárgy van ő vesztett és neki kell a büntetést meginnia.","Csapat","https://media.base44.com/images/public/6a13fd728a0d72caf4de8c08/e20faaaa0_048-letter.png","6a140acf503573bc92470500","2026-05-25T08:39:43.003000","2026-05-26T08:46:09.162000","anonymous","false"
"Kéz csere","nehéz","A játék úgy kezdődik hogy keresztbe rakjátok a kezeteket az asztalon. Egyik egyénileg választott irányba indul a kör.
1 Koppintás = Abba az irányba megy tovább.
2 Koppintás = Fordított irányba indul.
3 Koppintás = A soron következőnek nem szabad koppintania. Aki ront az iszik.","Csapat","https://media.base44.com/images/public/6a13fd728a0d72caf4de8c08/1b1a4e166_041-shaka.png","6a140ace0f5c569678d12cc2","2026-05-25T08:39:42.952000","2026-05-26T08:45:55.353000","anonymous","false"
"Anagramma","könnyű","Az applikáció kisorsol egy játékost aki játszani fog. A Start gombra nyomva megjelenik a képernyőn 4 betű amiből 5 mp alatt egy értelmes magyar szót kell kiraknia. Amennyiben ez nem sikerül úgy innia kell a játékosnak. Ha sikerül akkor nincs büntetése.","Egyéni","https://media.base44.com/images/public/6a13fd728a0d72caf4de8c08/c7dd9fd19_018-social-media.png","6a140aced299671c8dba22d7","2026-05-25T08:39:42.698000","2026-05-25T08:39:42.698000","anonymous","false"
"Ring of Fire","közepes","Választani kell a kártyák közül és a kártyának a leírását kell megcsinálni.
2 - is Choose – Válassz valakit aki iszik
3 - is Me – Én iszok
4 - is Whore – Összes lány iszik
5 - Thumb Master - Aki kihúzza ő lesz a játékmester
6 - is Dicks – Összes fiú iszik
7 - is Heaven – Felkell mutatni az égre
8 - is Mate – Válassz valakit aki iszik veled
9 - Rhyme – Rimelni kell
10 - Categories – Kategóriákat kell mondani
Jack - Make a Rule – Hozni kell egy szabályt
Queen - Questions – Kérdésekkel kell beszélni
King - Pour! – Össze kell önteni a piákat
A - Waterfall – Addig kell inni amíg az ászt húzó szemely iszik.","Egyéni","https://media.base44.com/images/public/6a13fd728a0d72caf4de8c08/30be0a7f6_022-bracelet.png","6a140ace28c61ccb3dcbf2e3","2026-05-25T08:39:42.685000","2026-05-26T08:45:42.660000","anonymous","false"
"Orosz Rulett","könnyű","Három darab kártya közül kell választani. 2 alatt Tűzjáték van 1 alatt pia. Egyet kell húzni – ha tűzjátékot húzol akkor megúsztál nem kell innod. Ha piát akkor kell. Ezt a játékot csak egy ember játsza.","Egyéni","https://media.base44.com/images/public/6a13fd728a0d72caf4de8c08/00fb8bff7_030-dependable.png","6a140ace4ca062d6935ceda8","2026-05-25T08:39:42.640000","2026-05-25T08:39:42.640000","anonymous","false"
"Kisebb vagy Nagyobb","közepes","A játék úgy kezdődik hogy az app kiválaszt egy játékost aki a sort fogja kezdeni. Neki meg kell mondania, hogy a következő szám kisebb, vagy nagyobb lesz mint amit a játék kiír. Ez után a következő játékos jön. Minél tovabb megy a játék annál többet kell innia annak aki hibázik.","Csapat","https://media.base44.com/images/public/6a13fd728a0d72caf4de8c08/a6501c235_011-friendship.png","6a140ace87d715febc722cc0","2026-05-25T08:39:42.632000","2026-05-26T08:45:12.652000","anonymous","false"
"Tapper","könnyű","Az app kiválaszt egy játékost aki kihivhat valakit hogy játsszon vele. Mind a két játékosnak a kijelölt pontra kell raknia az egyik ujját. Egy visszaszámláló elindul 5-től és minél közelebb a 0-hoz kell elengednie a gombot. Csak a vesztes iszik.","Páros","https://media.base44.com/images/public/6a13fd728a0d72caf4de8c08/4d3e02af9_016-best-friend.png","6a140ace887e6711fefaaa5b","2026-05-25T08:39:42.630000","2026-05-26T08:45:06.617000","anonymous","false"
"Kategória","nehéz","A játék választ egy kategóriát és erre az első embernek kell mondani rá egy szót ami abba a kategóriába beleillik. Ez után a következő játékosnak az előző szónak az utolsó betűjével kell egy szót mondania. Az aki először hibázik az iszik. 5 másodperc a megengedett gondolkodási idő.","Csapat","https://media.base44.com/images/public/6a13fd728a0d72caf4de8c08/21cd10e7c_034-chat.png","6a140acee2cbe8dee6d30a42","2026-05-25T08:39:42.625000","2026-05-26T08:44:55.957000","anonymous","false"
"Hajime","nehéz","Számolj helyesen. El kell kezdeni számolni 1-től és ha 5-el vagy 7-el osztható a szám vagy szerepel benne az 5 vagy a 7 akkor 'hajime'-t kell mondani. Aki eltéveszti az iszik. Egy plúsz csavar van benne minden egyes 'hajime' után megfordul a kör.","Csapat","https://media.base44.com/images/public/6a13fd728a0d72caf4de8c08/ed7ba4369_013-laugh.png","6a140ace08791e595119af4b","2026-05-25T08:39:42.624000","2026-05-26T08:44:40.054000","anonymous","false"
"Kő Papír Olló","nehéz","Annyi kört kell játszani ahány játékos van. Kell egy kezdő ember aki kihivja a mellette ülőt ezt a játék választja ki. Ha te nyersz akkor ő iszik és az ő mellette ülővel kell játszania. Ha te vesztesz akkor a te melletted ülővel kell játszanod. Ha döntetlen akkor mind a ketten isztok.","Csapat","https://media.base44.com/images/public/6a13fd728a0d72caf4de8c08/717d78f62_026-fist.png","6a140acecc79ba61b4cb4fba","2026-05-25T08:39:42.603000","2026-05-25T08:39:42.603000","anonymous","false"
"Finger It","könnyű","Minden játékos az asztalra rakja a mutató ujját. Aztuk számolni kezd az első ember akit a játék választ ki: 1, 2, 3 – ekkor hirtelen mindenkinek el kell vennie az ujját az asztalról, vagy rajta hagyja. A lényeg hogy pontosan annyi ujj maradjon az asztalon ahány szám be lett mondva. Ha eltalálod akkor mindenki más iszik. Ha nem találod el akkor te iszol.","Csapat","https://media.base44.com/images/public/6a13fd728a0d72caf4de8c08/03d87dd1b_014-sharing.png","6a140acecbc79b4233d949a8","2026-05-25T08:39:42.599000","2026-05-26T08:44:32.030000","anonymous","false"
"Az üveg","közepes","Az app kisorsol egy játékost akinek meg kell pörgetnie az üveget. Akire az üveg az asztalnl mutat annak kell innia.","Egyéni","https://media.base44.com/images/public/6a13fd728a0d72caf4de8c08/b3ebed6db_012-beer.png","6a140ace87c98d3ee79efa27","2026-05-25T08:39:42.592000","2026-05-26T08:44:21.414000","anonymous","false"
"Zene Felismerés","közepes","A játékban egy zenét fog a játékos hallani 5 másodpercig. Ez után ki kell találni hogy ki az előadó és mi a szám címe. Ha a kettőből az egyik sikerül akkor nem kell innia. Ha mind a kettőt sikeresen kitalálja akkor kioszthat egy piát. Ha egyiket sem tudja akkor neki kell innia.","Egyéni","https://media.base44.com/images/public/6a13fd728a0d72caf4de8c08/c6e7b8a7f_021-listener.png","6a140acee9e91b3d9df4a385","2026-05-25T08:39:42.590000","2026-05-26T08:44:12.087000","anonymous","false"
"Lóverseny","közepes","Minden játékos 1-3 egységben fogadhat a négy ló egyikére. A versenylovak a Sárga, a Zöld, a Kék és a Piros. Ha az a ló ér be először akire fogadott, akkor annyi piát kioszthat. Ha nem az nyer akire fogadott, akkor a megtett mennyiséget kell elfogyasztania.","Csapat","https://media.base44.com/images/public/6a13fd728a0d72caf4de8c08/8892f3ea4_017-origami.png","6a140ace7926f326dcadf7b1","2026-05-25T08:39:42.589000","2026-05-25T08:39:42.589000","anonymous","false"
"5 dolog","könnyű","Az app kisorsol egy játékost aki játszani fog. Meg fog jelenni a képernyőn egy kategória. Ebben a kategóriában kell a játékosnak 5 mp alatt 5 odatartozó szót mondania. Amennyiben ez nem sikerül innia kell.","Egyéni","https://media.base44.com/images/public/6a13fd728a0d72caf4de8c08/fd5a5b716_007-connection.png","6a140ace17d3ba9e5b35e41e","2026-05-25T08:39:42.588000","2026-05-25T08:39:42.588000","anonymous","false"
"Szerencse kerék","közepes","A játék kiválaszt egy játékost akinek meg kell pörgetnie a szerencsekereket. Akit a szerencsekerék kisorsol annak innia kell.","Egyéni","https://media.base44.com/images/public/6a13fd728a0d72caf4de8c08/955f768b7_006-loyalty.png","6a140ace080a7318d24b40fd","2026-05-25T08:39:42.588000","2026-05-25T08:39:42.588000","anonymous","false"
"Én még soha","közepes","Jön egy állitás és ha az igaz rád akkor innod kell, ha nem igaz rád akkor nem kell.","Egyéni","https://media.base44.com/images/public/6a13fd728a0d72caf4de8c08/6c2a1444c_002-mad.png","6a140ace6aaef07bcd71539c","2026-05-25T08:39:42.586000","2026-05-26T08:43:18.230000","anonymous","false"
"Collect and boom","közepes","Az app kisorsol egy játékost aki el fogja kezdeni a kört. A játéktábláról ki kell választania egy cellát. Utána a tőle jobbra ülő fog választani egyet, addig választanak a játékosok ameddig egy bombát találnak – ekkor a játék véget ért és az addig összegyűjtött egységet kell meginnia a vesztesnek.","Csapat","https://media.base44.com/images/public/6a13fd728a0d72caf4de8c08/fbae429ac_025-add-friend.png","6a140ace29b9c3485ecf99e9","2026-05-25T08:39:42.585000","2026-05-26T08:43:54.283000","anonymous","false"
"Ki Vagyok Én","közepes","Az app mutat egy híresség fotóját és ki kell találni ki van a képen. Ebben a játékban csak egy játékos vesz részt. Ha pontosan meg tudja mondani a híresség életkorát vagy foglalkozását akkor kioszthat egy piát.","Egyéni","https://media.base44.com/images/public/6a13fd728a0d72caf4de8c08/0be64fa0c_033-reunion.png","6a140ace260225ac9e390757","2026-05-25T08:39:42.583000","2026-05-25T08:39:42.583000","anonymous","false"
"Mindenki Iszik Egyszer","könnyű","A játék kiválaszt egy játékost akinek innia kell. Ezt az app sorsolja ki, ha elfogyta az emberek akkor előről megy a kör.","Egyéni","https://media.base44.com/images/public/6a13fd728a0d72caf4de8c08/7721960ea_024-friendship-1.png","6a140aced440dbedeba0de86","2026-05-25T08:39:42.581000","2026-05-25T08:39:42.581000","anonymous","false"
"Igaz Hamis","könnyű","A játékban egy állítás fog megjelenni és el kell dönteni, hogy az igaz, vagy hamis. Ha úgy ítéled meg hogy az állítás igaz, akkor az idő lejárta előtt ezt közölnod kell a többi játékossal akik ez alapján tudjuk eldönteni, hogy jól válaszoltál-e. Ha nem jó a válaszod akkor sajnos innod kell.","Egyéni","https://media.base44.com/images/public/6a13fd728a0d72caf4de8c08/f52ad051b_035-friend.png","6a140ace957edca20a435aaa","2026-05-25T08:39:42.568000","2026-05-25T08:39:42.568000","anonymous","false"